Cluster.ID,Center,Cluster.Score,time_point_1
2,CAGCCGCCAACTTAA,0.000000,1
3,ATTGAGGGTATAGTT,0.000000,1
7,GAAAAATTGTATTTG,0.000000,1
9,TTGATATCTTTCCAT,0.000000,1
11,GAGTTTGTGGTTTTG,0.000000,1
16,TCGACACGTGCATGT,0.000000,1
23,ATTTATACGCCGATG,0.000000,1
25,TGCTTCGTCCGTTAA,0.000000,1
31,GTCATTTTTGTGCTT,0.000000,1
34,ATGATCTCTTTACAT,0.000000,1
36,ATGTCGTGCGCATTT,0.000000,3
40,TCGTCTAGTGCATGT,0.000000,1
41,TTGCAGAATCTTTAT,0.000000,1
42,CAAAAGTTGTACATG,0.000000,1
61,AGTTTCACTTATCAT,0.000000,1
66,GCGCAGTTTATAAAT,0.000000,2
71,TTTAGCACTTATTAT,0.000000,1
78,AGTACTATGAGGCGG,0.000000,3
79,TGGATCAATGACTCT,0.000000,1
81,CGGTTCACTTTCCAC,0.000000,1
85,GTTTAATTTAAATAG,0.000000,1
90,GATTTCTTGATAAAT,0.000000,1
91,TGGATCTCTGTCAAT,0.000000,1
98,TTGACATATGTCATG,0.000000,1
105,TTTTGCTTGTTAAAT,0.000000,1
106,ATTTTTAATAAACAT,0.000000,1
108,AAGTAATGCTTCTTA,0.000000,5
111,CAAAAGATTAAAAGT,0.000000,1
116,TTGAGTTATGGTTTG,0.000000,1
119,CCGTAGAATCGAAAT,0.918296,3
120,GGCCATAAGGCAAAA,0.000000,3
124,AATATTTCGCGGGAA,0.000000,2
126,ATAACCCTTTATATG,0.000000,2
128,CATTTATATCGTTTC,0.000000,1
131,GAAAATATGTATTAT,0.000000,1
134,AGGAGAAATTTTAAT,0.000000,1
135,TTACTTGAAGAATAA,0.000000,1
138,TTGGGGTGGTTACCT,0.084685,1794
147,GAAAAATGATAATAG,0.000000,2
153,ATAAGAAGCAAATTT,0.371232,14
159,GGCCTATGCAGTGTA,0.000000,6
160,TGTATCTCTTCACAT,0.000000,1
161,ACCGGCAGTTTCCAT,0.000000,1
163,ACCTGACAAGTTATC,0.242292,25
164,AAATTTACGCCGAAG,0.000000,1
166,TATACATTTGCCTGC,0.000000,1
168,GCAAGCAAGACTGAA,0.000000,7
170,TGCATCGACCGTAAA,0.101067,76
171,CATGTCTATCGTGTC,0.060122,143
173,TGTATAAATTAACAT,0.000000,1
183,ATTTTTTACATACAT,0.000000,16
184,TGTAAATATTCATTG,0.000000,1
187,AAATAAAATTAATTT,0.000000,1
199,CTAGCTAGTGAGTAT,0.000000,5
202,ATCCCATTTGTGTTA,0.000000,13
204,ATTAACACAAAATAT,0.000000,3
207,TGTCTCACTGACCCT,0.000000,1
210,TTAAATAATGATTTG,0.000000,1
212,CATAACACAGACCAA,0.000000,5
222,GATGGCTTGCTAAAT,0.060831,423
229,AAATAGACGCCGATG,0.097941,79
230,TACTCACTGTATGAC,0.591673,7
231,TCTGGCACGCAAAAA,0.000000,4
232,TGGTGCTCTAACCAT,0.000000,1
233,ACAAAAGTTGGACAT,0.239397,127
234,TTTTGGTTGTTTCCT,0.000000,1
235,CAATGGGCCTAGAAA,0.353359,15
236,GGATAACTTTCCATG,0.000000,2
239,CCGCCTAAAGACTCA,0.000000,5
242,TGAATAACAAGATTG,0.000000,1
244,TGGGTAATGATCAGG,0.286397,20
245,ATTGACAATTAATAT,0.000000,1
249,AAGTTCAATTAATTT,0.000000,1
252,AATTGGACTTCAGGT,0.146094,96
257,AAGTCGAGCAATTGC,0.127777,284
259,AATTCGCCATCAGCA,0.216397,29
262,GAAAAAATGAAATAG,0.110581,204
263,TTGATTAATATACAT,0.000000,1
269,ACTAATACTGTGAAT,0.000000,39
270,ATTCTTTGCATTTAA,0.000000,4
271,AAATCCAATTAATTG,0.187176,35
275,GAAAAAATTTAATAT,0.000000,1
276,ACAGACCCTCGTGTA,0.000000,3
277,TGGATCACTTACCAT,0.059331,3923
278,TGCAGGATGTACATG,0.203572,157
279,GACTTGATCCCCGAC,0.121480,121
281,TTGACATATGCATGG,0.061353,1256
282,CGCATTTACTTAACC,0.000000,1
283,GAATTTATGTAATAG,0.918296,3
285,GACATTGTGGTGTTG,0.104612,874
292,TTATCCACTAGACAA,0.000000,4
293,GTAATAATGAAATAT,0.000000,1
294,AATTTGAATTTATTT,0.000000,1
301,CCCGGCCGCGGCCCC,0.078856,103
